{
  "display": {
    "background": "minecraft:textures/block/stone.png",
    "icon": {
      "item": "mob_deleter_mod:delete_mob"
    },
    "title": {
      "translate": "advancements.deleter_of_mobs.title"
    },
    "description": {
      "translate": "advancements.deleter_of_mobs.descr"
    },
    "frame": "task",
    "show_toast": true,
    "announce_to_chat": true,
    "hidden": false
  },
  "criteria": {
    "deleter_of_mobs": {
      "trigger": "minecraft:inventory_changed",
      "conditions": {
        "items": [
          {
            "item": "mob_deleter_mod:mobd_elete",
            "count": {
              "min": 1,
              "max": 1
            }
          }
        ]
      }
    }
  },
  "rewards": {
    "experience": 1
  }
}