{
  "group": "mob_deleter_mod",
  "type": "minecraft:crafting_shaped",
  "pattern": [
    "012",
    "345",
    "678"
  ],
  "key": {
    "0": {
      "item": "minecraft:red_wool"
    },
    "1": {
      "item": "minecraft:green_wool"
    },
    "2": {
      "item": "minecraft:red_wool"
    },
    "3": {
      "item": "minecraft:white_wool"
    },
    "4": {
      "item": "minecraft:red_wool"
    },
    "5": {
      "item": "minecraft:white_wool"
    },
    "6": {
      "item": "minecraft:red_wool"
    },
    "7": {
      "item": "minecraft:green_wool"
    },
    "8": {
      "item": "minecraft:red_wool"
    }
  },
  "result": {
    "item": "mob_deleter_mod:delete_mob",
    "count": 1
  }
}