{
  "_fv": 18,
  "_type": "recipe",
  "definition": {
    "recipeType": "Crafting",
    "xpReward": 0.0,
    "cookingTime": 200,
    "recipeRetstackSize": 1,
    "group": "",
    "recipeShapeless": false,
    "recipeSlots": [
      {
        "value": "Blocks.WOOL#14"
      },
      {
        "value": "Blocks.WOOL#13"
      },
      {
        "value": "Blocks.WOOL#14"
      },
      {
        "value": "Blocks.WOOL#0"
      },
      {
        "value": "Blocks.WOOL#14"
      },
      {
        "value": "Blocks.WOOL#0"
      },
      {
        "value": "Blocks.WOOL#14"
      },
      {
        "value": "Blocks.WOOL#13"
      },
      {
        "value": "Blocks.WOOL#14"
      }
    ],
    "recipeReturnStack": {
      "value": "CUSTOM:DeleteMob"
    },
    "name": "crafting_table",
    "namespace": "mod"
  }
}